path,0,1,2,3,4,5,6,7,8,9,10,11,12,13,14
BIOCARTA_41BB_PATHWAY,-0.9467259188092442,-1.028940301449969,0.0046721280359546,1.5747471473946033,1.330549739931307,-1.0987008115691912,0.4241593315351604,1.3855977134880353,-0.3924152079226299,0.6535176691689839,0.3704280370614893,-0.1790047072654581,1.085286255121731,0.0966927457971445,-1.2159370200164348
BIOCARTA_ACE2_PATHWAY,-0.232705814079934,-0.2302732394327182,-0.0865382816037885,0.0415750695377862,-0.2429843027733778,-0.2483000762736982,-0.2326139601365076,1.5371224032404915,-0.0503196437527449,-0.1150048667761969,1.881404477833374,-0.1342257770682114,2.2823075222125238,-0.1499518563024527,-0.2256249299499526
BIOCARTA_ACETAMINOPHEN_PATHWAY,0.3136087898476878,0.6189218271489836,0.4569735365685046,-0.3310446471719949,-0.898559287666394,0.2351823896861291,-0.3981745964165952,-0.5363279885326755,-0.8041273229165167,-0.7685667950941896,-0.2184363846015135,0.0620447783234729,-0.5565909933764964,0.095479560290251,-0.9827223845027094
BIOCARTA_ACH_PATHWAY,-0.4874360830830803,-0.5234999924944966,-0.1585816990038648,0.5279143822489252,1.1638915406857089,-0.5080154688184734,0.918335714712432,0.1547788524308745,-0.1454110152108491,-0.0036908713928954,0.2300025864892634,-0.1744641059977304,0.4711973504950434,0.0544963728836324,-0.3877191137163233
BIOCARTA_AGPCR_PATHWAY,-0.2150524025245807,-0.2607189109455448,-0.1373557008929039,-0.1766338891745441,0.8151979796719283,-0.264478660515663,0.5498181245933785,0.0513000818221458,0.2403075276111937,0.2693729856097446,0.3665109007879589,-0.2147421800453306,0.9235706045578708,0.111901046695441,-0.2266727079095848
BIOCARTA_AGR_PATHWAY,-1.1095319516226514,-1.098580832510768,0.03716780419688,2.27796335044621,0.3489445655648378,-1.0961222319782418,0.3333303103699008,1.5851186314636925,0.2097768397861759,0.9403460628750282,1.0364124994566228,-0.0785764083974691,1.6947117851189344,-0.3466645297589588,-1.1478890925382923
BIOCARTA_AHSP_PATHWAY,-0.2898435677339884,-0.2963706316255587,-0.1685128694834883,-0.2539379838829759,-0.2436223161570678,-0.2407928100010863,-0.2303502749349852,-0.1995881482934464,-0.3052371004868084,-0.3125141139964449,-0.13657867883701,13.290888652340886,-0.2541965255464038,-0.188672339368539,-0.3678392870497974
BIOCARTA_AKAP13_PATHWAY,-0.2582011592312076,-0.2648182048987349,-0.153240386851563,-0.0814008575092866,0.9240109635382352,-0.2997533814247583,0.3377630105636832,-0.0566483072560447,1.0898142930580783,0.3626169410872958,0.1533696600116037,-0.2552385274955049,0.1367793938504528,0.0488314637973221,-0.4033755040646367
BIOCARTA_AKT_PATHWAY,-0.611286233329602,-0.7765982929426121,-0.315581443250846,0.5982435120146542,2.1697099774566784,-0.8906812971103973,0.9659211781460748,0.4489074395354928,-0.0081097249775078,-0.0613104120242832,-0.2943041806916008,-0.4230826848498749,0.3650366878773738,0.6527242501386944,-0.8298773695075681
BIOCARTA_ALTERNATIVE_PATHWAY,-0.2911887921433921,-0.2867186597657097,-0.0561725928019998,0.0976861137976814,-0.3063115504770788,-0.2624820962860242,1.0703440005867086,0.1309206980447113,-0.2267974884689488,1.7865313846568005,-0.0334571142260701,-0.1364845271262793,4.051113766133694,-0.2580758673228112,-0.3294842345370655
BIOCARTA_AMI_PATHWAY,-0.3414989090604666,-0.3424572712072669,-0.1378792653360003,-0.0925565973871762,-0.2216413422354944,-0.338673105052677,-0.2445061603999926,2.8850953293467008,-0.2277854910940962,-0.0468481241783472,1.569448655886846,-0.1389320987460794,2.8816687153592246,-0.2115350734946263,-0.370454432534966
BIOCARTA_ARENRF2_PATHWAY,-1.395189340881916,-1.4854942727708504,0.3054003495560639,2.4860327346476327,0.6830515713990224,-1.3082225965895584,0.6824190167653257,2.0508565362818723,-0.4444848534960939,1.090513502430142,1.1560837705058329,0.0573681022262072,2.3529135872179405,-0.3560270420976929,-1.3968493545496
BIOCARTA_ASBCELL_PATHWAY,-0.1714724647069913,-0.1635340081154804,-0.1149408313903257,-0.1093291886025763,0.683190844511998,-0.1743747354474196,1.0213814749298578,-0.1552209415973723,-0.15413788815702,-0.1749838014895759,-0.085427090180652,-0.1449562139616496,-0.1095415516153522,0.223371466225378,-0.1960564104833984
BIOCARTA_AT1R_PATHWAY,-1.1458574545675182,-1.0808418141674343,0.0247269092952415,1.582977638765696,0.8461558025793946,-1.0177427415585538,0.7841662719127624,1.5923050098676197,0.3026717629517391,1.1600744785447172,0.8322618129055904,-0.1269978022922421,1.7551127766050132,-0.1687483765043093,-0.6836171339918695
BIOCARTA_ATM_PATHWAY,-0.956719061642352,-1.0517413436436187,-0.0003615202924609,2.216286537184328,0.5802992589040855,-1.1404566132979976,0.3337792376922869,1.726784000216083,-0.5356956464489283,0.6170934903322008,0.5851218526779448,-0.1986469494254799,1.0348447824869378,-0.1996578627187474,-1.2725750103468585
BIOCARTA_BBCELL_PATHWAY,-0.1379490861135592,-0.1194963215986115,-0.0869254598300834,-0.0292959296473385,0.6611692149204601,-0.1491540110800526,0.3790069194592204,-0.1103451553321318,-0.1450062469019321,-0.128914525517394,-0.0381300839089858,-0.0965934752720418,-0.0440043386199891,0.275368084810871,-0.1652944930849496
BIOCARTA_BCELLSURVIVAL_PATHWAY,-1.260697641614689,-1.283569483918252,0.2452056583984507,2.406559602307289,0.7345215067763015,-1.2131723330676898,0.3494762102566187,1.7118892804735455,-0.6065984590821717,0.6210406937805479,1.2438130182901053,0.0158413322403352,2.0108852715847805,-0.2038589434916507,-1.4716881961890305
BIOCARTA_BCR_PATHWAY,-1.5117393535466832,-1.5006563931924632,0.2568774432653623,2.1839667011253283,0.7748048935609352,-1.3463959684144304,1.1682710631323256,2.281003022408298,-0.0287730305615711,1.2571329761447492,1.331600015663875,-0.0073580883738033,2.534756937825471,-0.3571887446473314,-1.0922613059882722
BIOCARTA_BIOPEPTIDES_PATHWAY,-0.6984211931113163,-0.6236262058859028,-0.2088184363993868,0.4772151147463905,1.3461413836651035,-0.6160456330322377,0.5843352212403201,0.8760716119613848,0.6026074360259189,0.3376720697617372,0.2387692391876665,-0.1604056759808581,0.93799499067478,0.0511719239229634,-0.1185731052228048
BIOCARTA_BLYMPHOCYTE_PATHWAY,-0.4198229319687342,-0.4352431978554463,-0.3161500429136766,-0.3659285581384627,2.017783580482386,-0.4111267916921771,2.267754285854476,-0.264134533595252,-0.4287037113080914,-0.4465580242800595,-0.3654516313397719,-0.2846976912445073,-0.3884209603050904,0.4000397455075321,-0.4331804741029146
BIOCARTA_BTG2_PATHWAY,-0.8698548318403363,-0.959695128406266,-0.1716421874198328,1.1042409995932707,2.448814120822473,-1.0362425792118344,0.0899527618006,0.7340875464130716,-0.6492094652619828,0.3432634267407332,0.3403052623439164,-0.0902257879642416,0.632508074628739,0.646844235627889,-0.8964129849542458
BIOCARTA_CACAM_PATHWAY,0.6383004614895835,0.4043320816369683,0.0346525871191761,-0.4847563148728216,-0.1870843236960693,0.2680630820090088,-0.8465377477524726,-0.4823834423427754,-0.8829965625877364,-0.5279617456385576,-0.5003955403936914,-0.1057169632369109,-0.8403664966152362,0.2589221354732035,-0.5631816236750762
BIOCARTA_CALCINEURIN_PATHWAY,-0.8605683205920998,-0.7350380478399446,-0.1188829424055918,1.1558495174199257,-0.1490468171648496,-0.6324288051389015,1.271266634695444,1.1961550390481483,1.5266495368190065,1.4112332416726796,0.2481391099264862,0.0507650421322378,0.7487093321329974,-0.4420499130855192,0.6717985696635564
BIOCARTA_CARDIACEGF_PATHWAY,-1.3711707013493108,-1.4125597844722084,0.308398294275669,2.356622569863886,0.5643753248670961,-1.287565053927422,0.4637913251717678,2.2421797554168474,-0.426576273596725,0.996529170732817,1.5977343686953347,0.030617549767502,2.615599960782435,-0.3646184059797024,-1.4560689204329345
BIOCARTA_CARM_ER_PATHWAY,-0.4867970346217981,-0.4708374918097407,-0.1193163178547979,0.583555367424669,-0.0874381493036322,-0.4798227588613387,0.8784355313605354,1.1190832131402413,0.7855533977697825,0.6753072676542883,0.5898179946022677,-0.0272470890730837,0.7926058383505957,-0.3069885008346361,-0.3761225884458287
BIOCARTA_CASPASE_PATHWAY,-0.4869453231062702,-0.5066250901041099,-0.3850641870933119,-0.3116600317136215,2.985825307388371,-0.4927769594614042,0.7866308509025082,-0.0468665669668058,-0.4252252158604047,-0.1019516299923157,-0.4786462412576153,-0.4329076796166723,-0.445944177952119,0.5454031825093533,-0.4217082383460159
BIOCARTA_CBL_PATHWAY,-0.2940301509573195,-0.3288310830688714,-0.1982660861400915,-0.3527282554911471,0.9009839664477568,-0.2975496255955965,2.4707084215202144,-0.0897410813842185,-0.3234759541146831,-0.2493265754084998,-0.0414193755042969,-0.2546848972860163,0.4715744913877115,0.0481593837632756,-0.191865068925008
BIOCARTA_CCR5_PATHWAY,-1.5818059989334985,-1.5690905053670363,0.1214899985612531,1.7102245422478166,2.3568899714222837,-1.392227532957531,1.206373029691956,1.6880999882386636,-0.4309141155085561,0.7347449021346205,1.047516895674519,-0.0093879247663509,2.1503476513545388,0.4345085819908637,-1.338482344247379
BIOCARTA_CD40_PATHWAY,-0.5885384513046351,-0.6379166165452038,-0.1779669673858929,1.5806920169582626,0.8730251634293639,-0.9423239911673762,0.9683911883019668,0.4634542424860637,-0.4890215121320145,-0.0212393581996122,-0.4756632321445002,-0.3101579332928634,-0.0105539048776111,0.1046624947874994,-1.0933117065672922
BIOCARTA_CDC42RAC_PATHWAY,-0.3685764248565147,-0.4588519251733705,-0.140122954045931,0.6016991243652454,0.6118133913359062,-0.4716197582696029,0.4569758301105237,0.124703417909417,-0.2570912477117753,0.2645958452657926,0.1040263032848996,-0.1623370368248142,2.836539235527032,-0.0793545121662625,-0.2139358032675467
BIOCARTA_CDK5_PATHWAY,-0.6111488225476257,-0.6214992211467851,0.6099623262404252,1.9423316190256883,-0.4923359581386293,-0.5253310288696939,0.0116595036800712,0.9426638826154204,-2.631256002270708,0.060651233767269,0.6535260972513272,0.3717001419261275,1.1306593689660314,-0.3901438507380522,-1.995732218158876
BIOCARTA_CDMAC_PATHWAY,-1.3446720899965752,-1.4259528926392997,0.2773835356892718,2.534358913112326,0.6354044775063725,-1.3909351201267066,0.7128938754890167,2.0862814380874,-0.6344409132312621,0.8774091662757838,1.2788770241873528,-0.0053633901026897,2.199070873139922,-0.3545947003869664,-1.5595321394071937
BIOCARTA_CELL2CELL_PATHWAY,-0.2886743455483877,-0.3048622385059398,-0.0203676573846769,0.1628823345602617,-0.5181150270546405,-0.3013949006344337,-0.0348072150004882,2.744443969210664,0.1606079933957896,0.3143614186915537,0.6136086235669997,0.0503160769136492,0.0793141338085624,-0.2584374295775742,-0.416838862627465
BIOCARTA_CELLCYCLE_PATHWAY,-0.4196188852804312,-0.4556155558783045,-0.2280994833227899,0.4557928520193164,1.4097788746071074,-0.523240093552243,0.1534901472047246,0.6234026167644433,-0.3775396128078063,-0.2131903248135282,0.2760386631895824,-0.313321076462145,0.3735929411572967,0.280741829695641,-0.6057233894882538
BIOCARTA_CHEMICAL_PATHWAY,-0.4047553896337091,-0.4580364831778344,-0.2216169395410867,0.0568053921469322,1.3994991343943308,-0.4772485030016337,1.0634428889786438,0.0667641855245939,-0.0194667253309176,0.2590924860130337,0.2466236940629488,-0.3176887879324675,0.5272580699070307,0.1363143639831786,-0.260573131693969
BIOCARTA_CK1_PATHWAY,-0.4689848874534304,-0.4387130026493017,-0.1377363307300938,0.1609452514201625,0.7849088054295812,-0.2830775292364853,0.4987230890604354,0.4188961070212685,1.4421717120967,-0.1508323192562385,0.3408413387726785,-0.1106085173396758,0.397978292416978,-0.0196535266546656,0.5918794473583289
BIOCARTA_CLASSIC_PATHWAY,-0.4391490679880535,-0.4481359485748942,-0.2691523441848937,-0.2711382244397801,-0.4390230150901361,-0.3922213150446392,6.897039550723424,-0.4288820085537684,-0.3828061671368286,-0.258066586084839,-0.4279939988965635,-0.3066077912561862,-0.2350828252726149,-0.4177225707176243,-0.4821574936736679
BIOCARTA_COMP_PATHWAY,-0.4630788498785999,-0.4722598911007949,-0.2726904247029001,-0.2677118717131145,-0.4654576341090818,-0.4148995404587212,6.884395076576182,-0.4333016669059687,-0.4021165783300328,-0.0541863582123148,-0.3680329345130476,-0.3200979756935412,0.3858879690801403,-0.436981960063432,-0.5093175379738496
BIOCARTA_CREB_PATHWAY,-0.4776673599798449,-0.5630325408379796,-0.2100034929051639,0.3825808120575584,1.4185085514855351,-0.5757650115329669,0.6938496012758388,0.2422857420298804,0.1250661696216819,0.2346523613774278,0.1236411999994145,-0.2812462940576234,0.870361505816525,0.135536539256175,-0.2895519600382311
BIOCARTA_CSK_PATHWAY,-0.6614963822549547,-0.680249036103075,-0.5194460758704615,-0.6071722090929765,5.076713636382128,-0.6642775312297449,0.0862531131206027,-0.5836532092064826,-0.5420149891798793,-0.5796874983503014,-0.5825873946453354,-0.4630569227523317,-0.6160835240194541,0.9935093354048172,-0.6293074604579839
BIOCARTA_CTCF_PATHWAY,-0.6425962141209686,-0.6800352476989528,-0.218446395690592,0.609332261069608,1.1421485566171283,-0.6771306439643309,0.680589963615869,1.559952962825629,-0.0797048899476479,-0.0199002273995573,0.3779064137069928,-0.2681074843968322,0.9713745096120818,-0.0486708401580094,-0.6010827543759517
BIOCARTA_CTL_PATHWAY,-0.7823140595801359,-0.6733557669051655,-0.5677377535176583,-0.6347418034792891,5.115678065610641,-0.8171561479848719,-0.0146858731854844,0.1080350242488337,-0.5136902086583814,-0.2714962887910807,-0.5485371974120558,-0.4970577994787631,-0.5533527752536043,1.1741754118969046,-0.9621729368261044
BIOCARTA_CTLA4_PATHWAY,-0.6281829912363928,-0.653026046580173,-0.4576697489325226,-0.3650266741752635,4.740986686245223,-0.6309760453721127,-0.4670849216700596,-0.507130162369282,-0.550369900060592,-0.5023765189814245,-0.5052107909211594,-0.3982745347713771,-0.3963269959645185,1.0006182240393169,-0.5838427055663762
BIOCARTA_CXCR4_PATHWAY,-0.6304188864372325,-0.6553631312514793,-0.3149966173048859,-0.0698363806767752,3.016771130253355,-0.6133760998425081,0.9611876899963538,-0.3016810511586931,-0.381039608755465,-0.2606322852650326,-0.3027626551089907,-0.2093520694185782,0.4220874788078146,0.9768421151678246,-0.5778417741483103
BIOCARTA_CYTOKINE_PATHWAY,-0.384076323447512,-0.3967361676805545,-0.108488888786467,0.7170047308998594,0.0362629134861008,-0.3576310539456291,2.639481408859037,-0.2486119845987478,-0.3760907017880648,-0.2553610321956765,-0.3141496385711804,-0.2570620181521326,-0.2229236828607575,-0.197553882230424,-0.4321296106001714
BIOCARTA_D4GDI_PATHWAY,-0.9458417882453486,-0.9834458911758008,-0.2237867999768281,0.5811747369045113,2.860049506004632,-0.9322099754137813,0.789383837474432,0.8467009125019234,-0.4197013716921806,0.4744413928177387,0.1230421993767961,-0.3621447985156013,0.4927017911011546,0.4185311358350939,-0.9410843973130332
BIOCARTA_DC_PATHWAY,-0.3920556800450565,-0.4095338334085589,-0.280399327739131,-0.3879107370751257,3.2641590104170475,-0.3719370806566687,-0.4079885884494046,-0.3340988561451371,-0.4435439862189252,-0.3953408238016184,-0.3834573344353499,-0.1802369325751656,-0.3914315870272927,0.6998362456022464,-0.3981157918889614
BIOCARTA_DEATH_PATHWAY,-0.5326784248331679,-0.6189956371295214,-0.2172278363158687,1.8201187878984624,0.1633602253976267,-0.8101490055107131,0.0933709530364122,0.8666119301382268,-0.1038481597926187,1.2343149829364195,-0.1208704160445389,-0.2648082362762846,0.1141671393303848,-0.2554127068932486,-0.8765781994244403
BIOCARTA_DNAFRAGMENT_PATHWAY,-0.283496279247357,-0.3539853952406306,-0.2378108693622762,0.0022635810857252,1.907325942425575,-0.39680200955005,0.1252914706709023,-0.0471920174589071,-0.3459950782769083,-0.1981127199115059,-0.1389519111645262,-0.2442322979686648,-0.0326037631092322,0.4175162542268694,-0.4323931026281724
BIOCARTA_DREAM_PATHWAY,-1.334244647487426,-1.380272508316888,0.3603917373091835,2.102435382754356,0.6813961761797598,-1.2358521934785012,0.54948216120458,2.150145186458898,-0.3906446198071343,1.0608702471882394,1.413636386624768,0.0479746386424675,2.305250642680457,-0.2914511931962961,-1.3375487666958727
BIOCARTA_DSP_PATHWAY,-0.6511467100420159,-0.6404117502833865,-0.2656948200385161,1.0141712167438726,1.5893824887715329,-0.7472298646890738,0.481514485379155,0.431450295853373,-0.045209462245568,0.1150858408463816,-0.2618548354935037,-0.2241251964891118,0.0456083445684108,0.3545055787901434,-0.5108364088358385
BIOCARTA_ECM_PATHWAY,-0.7865051304072742,-0.8292914952813221,-0.2936838146736403,0.8449117462481786,1.0914229443402146,-0.8544735128566747,0.9087388925414368,1.7994930944446936,-0.1101181391214106,0.14454963342425,1.4370493646767568,-0.2718598175675066,1.3378220707523998,-0.1764884760469129,-0.8270671460663191
BIOCARTA_EDG1_PATHWAY,-0.5003279086952986,-0.5977134813415927,-0.2003314590006218,0.5434254808059354,1.0356399205797613,-0.5236053883099385,0.5433012326779573,0.554711604359734,-0.2120640958798912,0.1853374943201391,0.3291480300172321,-0.2295995068384775,2.367891732685736,-0.0348241706866636,-0.2720263176551712
BIOCARTA_EGF_PATHWAY,-1.463667842054099,-1.5226182713523682,0.2193754926743931,2.373958496951892,1.1375867292068431,-1.4189789985344174,0.5873133901384201,2.1580804680404,-0.2387843724025252,1.0793013436495396,1.2506961390797018,-0.1044604037147122,2.510709370336047,-0.3134238110337429,-1.4688871062138644
BIOCARTA_EGFR_SMRTE_PATHWAY,-0.4306466415575684,-0.3895170893106477,-0.0705088950812009,1.4130110245093104,-0.4777335285533119,-0.4465475554708251,-0.1428393679572709,0.5251928940948746,1.0396710943347711,0.2471895567118524,0.5690404419144506,-0.0560425217907396,0.5777667162484525,-0.3803109252422557,-0.5770269018921121
BIOCARTA_EICOSANOID_PATHWAY,-0.5488319303611858,-0.6707079620454585,-0.4836068971959458,-0.0702920197209408,1.1890455674725695,-0.376929193838848,3.587237477080209,0.0131193659950401,0.0796587217231018,0.4387204472184853,-0.173755471109158,-0.2681130046271975,-0.1000634938541834,0.0241913159676812,0.112829313579917
BIOCARTA_EIF4_PATHWAY,-0.6673632377202021,-0.664967610721074,-0.1284620323894732,0.7441718974906517,1.1896520471886889,-0.6391878931963094,0.6665106351347267,0.3452617255628838,0.3121085621691166,0.5153338268699704,0.2839696748020415,-0.2349882523550357,1.2950296098424132,0.0153221198553227,-0.1916157781316596
BIOCARTA_EPO_PATHWAY,-1.342868399947622,-1.3926284950319427,0.3436528886587935,2.1364521731729638,0.7185288529969446,-1.2628313915271057,0.5690418835892646,2.210276491569549,-0.3716087055365534,1.024755394402013,1.314762855841764,0.0040318589895108,2.2575547830176226,-0.2693063597377448,-1.381514656198694
BIOCARTA_EPONFKB_PATHWAY,-0.3007866612870719,-0.402811787531236,-0.1106690845705519,1.5436449152723497,-0.2860816605271184,-0.6525530405510549,0.3002080192309548,1.034886726461905,-0.7491466287079417,-0.159472222368595,0.0889004911563692,-0.2222594241812847,0.0527515625949295,-0.2120021360259713,-0.9486762358833112
BIOCARTA_ERAD_PATHWAY,-0.4950685616242629,-0.1471606321288593,-0.0091137423433413,0.0888844773390105,0.2203177030329781,-0.2775954841776972,0.6384521465173186,0.4458926154231085,1.369936374802181,0.3791320695838307,0.0172661070546888,-0.0413250268156893,0.4038355385423369,-0.0056366610263997,-0.6708334973273771
BIOCARTA_ERK_PATHWAY,-0.6487334089048752,-0.5767668167007345,-0.1094984291429381,1.652954884305311,-0.4050349547190237,-0.6879787490105087,-0.2170177209573742,0.8241512062048335,2.315675385027682,0.2021740772906068,0.7314808920058882,-0.0713512703775541,1.017027221958753,-0.5152789564086478,0.1783370924029705
BIOCARTA_ERK5_PATHWAY,-0.4282262548780372,-0.4904345994241527,-0.1592785285597589,0.4498537701162157,1.23225927621949,-0.489559387654441,0.6243034568408442,0.16714149105648,-0.0088526270792604,0.0486152247575426,-0.0174444769433592,-0.2456164962938558,0.4218271884750025,0.1154694680255853,-0.1955613104061349
BIOCARTA_ERYTH_PATHWAY,-0.3036680058292634,-0.2996835124954247,-0.1499459291567636,0.0405908627051027,0.7476653469306902,-0.2796970785644446,1.7317461611538385,-0.1970010199252295,-0.221797536026776,-0.3009009483989114,-0.1839846924425329,-0.1452777220029642,0.5057781678883215,0.1415541233205351,-0.344083302491948
BIOCARTA_ETC_PATHWAY,0.5584150575125024,0.4003276512898195,-0.0908560799471169,-0.0818779444361014,-0.7551389715300345,-0.0379159092511419,-0.1638885337112563,-0.5729414045856853,-0.4929557871869686,-0.0796747107774319,-0.0675744144044176,-0.3092865939373824,-0.353407298156138,0.0178416755472462,0.2067554488117018
BIOCARTA_ETS_PATHWAY,-1.4211207379896496,-1.4733627320167997,0.2933975850403252,2.3819216414572737,0.7485094280910147,-1.3215613203188692,0.7808000236769894,2.291966945192585,-0.506734544388041,1.0428055391721849,1.2302695731119364,0.0192277524215721,2.038848227818276,-0.2920796463972264,-1.475120181227134
BIOCARTA_EXTRINSIC_PATHWAY,-0.2120972788063996,-0.2088090548927629,-0.0942722076028015,-0.2114042868305727,0.0157207081425663,-0.1947615594425608,-0.0949730634179004,1.7748811722054572,-0.0457610426848362,-0.1713228370286388,0.7913369898282223,-0.1265979193486643,2.116221127169872,-0.0868274569666823,-0.2243785684782393
BIOCARTA_FAS_PATHWAY,-1.073739439439997,-1.1252467584789403,-0.147361562356688,1.2831958419970877,1.867289439705475,-1.107364930909816,0.759817055133191,1.4251429430494509,-0.0415576225759593,1.0835558595355888,0.5086107826304854,-0.2722257439947209,0.9981645587482284,0.1184139794063521,-1.1349518497156843
BIOCARTA_FCER1_PATHWAY,-1.607005056654946,-1.5861343554690337,0.2044448407267293,2.1905124266365976,1.154520800928084,-1.3999354475589132,1.5841679429818127,2.072412961485318,-0.0047836270017473,1.161115348714693,1.2301721074652177,-0.0426248975252841,2.322469428379436,-0.314166710289063,-1.1153553547156745
BIOCARTA_FIBRINOLYSIS_PATHWAY,-0.2633672067596915,-0.2735688371192641,-0.1179284418820718,0.1411237069446121,0.0658021591115268,-0.2598263371579248,-0.051362000905106,2.248212672002912,-0.2425086028360683,0.1247747464230471,-0.102353030574565,-0.03103010284041,0.1605221241726075,-0.1370396074962949,-0.273442254242297
BIOCARTA_FMLP_PATHWAY,-0.6393661890183404,-0.6003705721122305,-0.2575054056314293,1.1255674499005837,-0.0284907263226192,-0.7069142403728812,2.2546777300868106,0.5895788940088693,0.3488467468793483,0.585716601764092,0.1894004907132132,-0.1909990297978307,0.4716210890854652,-0.3206452576466675,-0.0503545777548243
BIOCARTA_FOSB_PATHWAY,-0.965967797920984,-0.97961120355327,-0.0209633895771089,1.9153936342989168,0.9726523187668497,-0.8941355024229042,0.090254165453517,1.2758935649418992,-0.5209308333206372,0.1661847757470368,0.4826659787351792,-0.0017105733855321,1.5324293030245146,0.0993689795390495,-1.0408054831221032
BIOCARTA_FREE_PATHWAY,-0.3551065089707395,-0.3764930447595228,-0.1650701262858486,0.6692152159753165,-0.2087166265126956,-0.3931816907851653,2.870171821981368,-0.058849813244324,-0.2286338749794027,-0.0042473119630392,-0.3099431948888987,-0.2713354089283129,-0.2955794959004679,-0.2150802374416874,-0.2128842205820149
BIOCARTA_G1_PATHWAY,-0.4508851218198561,-0.4721769473112261,-0.1628063203501334,0.4213100909694111,0.715473126955966,-0.5324110914817034,0.7070655040801264,0.7852875733834843,0.3664395464169699,0.2583975513029391,0.2131475906339991,-0.2518619944868898,0.8024955666573249,0.0423713766532257,-0.4792043456284377
BIOCARTA_GATA3_PATHWAY,-0.1858665658002011,-0.2227734753612461,-0.1861646976512808,-0.3611510081482542,0.761068617995499,-0.2123455447299295,0.6467973129561502,0.3910955321075738,0.309829023195173,0.0642536699677001,0.4917595326466075,-0.0268362538524867,0.2696484247570899,0.1064607670114001,-0.0450436084755749
BIOCARTA_GCR_PATHWAY,-0.9080721984771648,-0.9668888588680908,-0.2088176759950478,1.3405389868620652,2.148522345780783,-0.9551746980694944,0.4896715396098055,0.2664834295665723,0.4635446441564707,0.0798811670665323,-0.2544698107055567,-0.2140708993635109,0.3893745035915708,0.5338393988812327,-0.2409100179458459
BIOCARTA_GHRELIN_PATHWAY,-0.5675029877815926,-0.5520059891053836,-0.1573838490904952,0.5063831195672939,-0.4352548567211022,-0.5225388929445673,-0.4864939656146985,1.80684274598104,-0.174933688977254,0.3480074703638958,4.347437746320705,-0.221470661184545,6.121918647054068,-0.3965001549382377,-0.6325992936799817
BIOCARTA_GLEEVEC_PATHWAY,-1.4158604808371142,-1.4743624730991545,0.305461190279703,2.334044884883465,0.9100373723055772,-1.3314405414591104,0.6000850821522619,2.115246941169931,-0.444513176053572,0.9641986233749612,1.4127962006474244,0.0084312959997057,2.2805550818156743,-0.3228847054606831,-1.4299625122621509
BIOCARTA_GPCR_PATHWAY,-1.507395100845469,-1.4863502524667402,0.2931225806592978,2.1439696610668006,0.8260013212986932,-1.3245681320206208,0.814619192790235,2.3162358222571213,0.0952544841867616,1.2181210251305117,1.4250710480330415,0.0295452282463937,2.5938726889502286,-0.3130899559654105,-1.098577095638417
BIOCARTA_GRANULOCYTES_PATHWAY,-0.5020466150101419,-0.5150047823511441,-0.2151185785214425,0.539358776179699,0.364761339388287,-0.4699098976740599,2.400481435827869,1.250167134165007,-0.5164932256214742,-0.4352191458472945,-0.3967348941581984,-0.286585913510502,-0.3476717467643207,-0.1693815641673062,-0.561614954015027
BIOCARTA_GSK3_PATHWAY,-0.5090289782880246,-0.5498648860153782,-0.0559141479620609,0.7714191155684613,0.3822912916265569,-0.5370878733375721,0.2310679017440797,1.003427330875291,0.3173937801934809,0.6513856115609116,0.2646014358262152,0.0065173270606446,0.9217653082041324,-0.1211468217883602,-0.2501309490061398
BIOCARTA_HDAC_PATHWAY,-0.8538532827289661,-0.7041041835694809,-0.1358756660622984,0.7697448756635002,0.647799124424171,-0.6819028818427278,1.2985122343762776,0.8136460664418278,1.200326491741265,0.6232069704747653,0.5407505729740844,-0.0320650731738772,1.4250635353308323,-0.2872291453911895,0.2358320114820627
BIOCARTA_HER2_PATHWAY,-0.6469044928109309,-0.6517803871260178,-0.2041881499462136,0.9905344502738256,0.6566240624317858,-0.7034794346014176,0.4274802921913709,0.9913390943834384,1.0643325126415943,0.480214266159225,0.221214011756052,-0.2213918113370888,1.0734809243726282,-0.1972971624410823,-0.5774095551212277
BIOCARTA_HES_PATHWAY,-0.3477611123752217,-0.3705501798874964,-0.1037205005581884,0.8657223854629056,-0.4035905398215639,-0.4235892456013453,0.0882898392282628,1.2140245362770934,0.2588889774777527,1.3849121533284507,0.1744158240948097,-0.1961540420892499,0.5625396429591607,-0.3260494152917795,-0.2845514030613131
BIOCARTA_HIF_PATHWAY,-0.9792080229673938,-1.1367006906792627,-0.0848814954744828,1.1322957417256867,1.8833706879493004,-1.0964499281563296,0.534749387674073,1.52759435277936,0.0483582481501074,0.7652577852438753,0.336207355727016,-0.3120177373456601,1.1980801750134955,0.4201133338102274,-1.0509783633820058
BIOCARTA_HIVNEF_PATHWAY,-0.8501449896959097,-0.9043657230116586,-0.4379149969179359,0.7693830910995478,1.861690033310798,-0.9607855759667626,1.6783017935324973,1.4761217177246404,-0.2048939881370738,0.5184624869976071,0.0353626405668255,-0.4223588230664706,0.3197639845513305,0.076302070225493,-1.0184847589857706
BIOCARTA_HSP27_PATHWAY,-0.2899543325838816,-0.32338847183545,-0.1435700239042475,0.4822717129654746,0.6713603794400145,-0.371832091453866,0.673351214659072,0.0332777109545506,-0.2344681988244801,0.3237939589883486,-0.000495653794547,-0.174758257102392,-0.1516001878693265,0.1330594401242694,-0.4647011066303558
BIOCARTA_IFNG_PATHWAY,-0.3190641400067776,-0.3444650667993119,-0.2247287752528466,-0.0112097590786556,1.5887040977423237,-0.3667831673054706,0.324767636354402,0.1778883896627925,-0.2490868618768145,-0.0418450818601928,-0.0284154633344662,-0.1376019687210125,0.0869500023533045,0.3651608200337896,-0.4798023362153807
BIOCARTA_IGF1_PATHWAY,-1.4065170348100962,-1.4600637771750846,0.3156528803364167,2.278899564761555,0.8942482962735785,-1.3279290649241249,0.5752257370318526,2.0449019042069434,-0.2991470243212583,1.0344761619312073,1.255974662379394,-0.0125792841566831,2.5958357578832003,-0.2933998818099673,-1.3574007358398934
BIOCARTA_IGF1MTOR_PATHWAY,-0.6933772377772225,-0.5892498252692627,-0.0335650306924466,0.6806399815990462,0.8392976016043628,-0.4558864634255929,0.5533718937964897,0.3209085326010827,0.5628551318728318,0.3196358630354591,0.3388659523656598,-0.0783632110970979,1.7099450704912231,-0.0632605839548282,0.1159841017393491
BIOCARTA_IGF1R_PATHWAY,-0.4814422741010988,-0.5665851051403116,-0.2138983955811522,0.3830154119119718,1.1599691071075382,-0.5826393498889558,1.1508305963338972,0.3822825425109994,0.1728462861706995,0.1447783112032612,0.3591244593625314,-0.2497826257225151,0.4457241346923002,-0.0189601902222643,-0.2934439650671167
BIOCARTA_IL10_PATHWAY,-0.4749355051600745,-0.4662940490965742,-0.237680467721449,0.1609205502931908,1.2706270660702284,-0.4463768499830163,1.653623700267182,0.2327392198495566,-0.147414692387398,-0.1244631434618482,0.0023761688978725,-0.2407982184013294,0.1173499707089933,-0.0165635058301873,-0.5391532205621052
BIOCARTA_IL12_PATHWAY,-0.8174154328289027,-0.8430696998164708,-0.3761103279037731,-0.0775634580932823,4.611396730025479,-0.8151359444714185,-0.3643136749117936,0.0290404206873932,-0.5332570378022778,-0.2333882568830168,-0.2583246560010929,-0.3610376973003322,-0.0419079793511759,0.9496549576705644,-0.8378812610381074
BIOCARTA_IL17_PATHWAY,-0.5886221040676732,-0.6063721460328844,-0.4864462792406442,-0.6143327089388211,5.033652339292197,-0.5866337397742977,-0.5947785248484613,-0.5709767044488366,-0.5482587964310915,-0.5811001423947912,-0.5779935364645558,-0.3317615771643574,-0.5724168436083058,1.0539845306084514,-0.5761763221735426
BIOCARTA_IL1R_PATHWAY,-0.919417408439036,-0.9932315288612332,-0.0546263098963741,1.7516373545374977,0.6604965950535102,-1.0948080063727863,1.704594924582476,1.2719554179492127,-0.4657678987007004,0.4458337513871815,0.1954146669633661,-0.2715367112818109,0.8769281471084293,-0.1944861608890772,-1.273071905335228
BIOCARTA_IL2_PATHWAY,-1.3825070802274635,-1.443312507854719,0.261427607733965,2.048138156930457,1.1758774950034965,-1.3197732208849955,0.6612375501335525,2.1432040916909894,-0.4409051715811992,1.0078297842237327,1.266512389258387,-0.0524215727916115,2.198041260817628,-0.2190037070269302,-1.4556965943208782
BIOCARTA_IL22BP_PATHWAY,-0.5674735483515659,-0.6012805797453556,-0.2028644591138933,1.1129712584901708,0.3064657801782264,-0.6228016494479349,0.0418807598758423,1.8673736857288965,0.0269504713961429,0.0239723179496763,0.4873558414274127,-0.1635943809662329,1.103444908029881,-0.3247992961438755,-0.5533183285348968
BIOCARTA_IL2RB_PATHWAY,-1.2816325770180808,-1.3460138751769846,0.0131492754326481,2.1533883606648936,1.3860661474491396,-1.2471540958323697,0.5659449273006871,2.054546889452684,-0.674915122430812,0.3234931040316165,1.0419930084153304,-0.0686892179480962,1.861268784240646,-0.2479753299400996,-1.3499473876327943
BIOCARTA_IL3_PATHWAY,-0.9709610306318098,-1.00577223781005,0.3350148674696505,1.703966469856466,0.0141608017335545,-0.8875782814170572,0.5902986624128832,1.820785219428912,-0.4002804188907327,0.6065145078239867,1.0994261770385607,0.0918701804522171,1.7411560877551453,-0.4144066456123516,-1.0105157386328194
BIOCARTA_IL4_PATHWAY,-0.2902954413672978,-0.3543180144816948,-0.2648983613121723,-0.0047761078374299,1.594349080299674,-0.3962696854958378,0.3173220107771551,0.2727917502271767,-0.1827203677702199,-0.0574156331034167,-0.0430804292021982,-0.2628706367042425,0.0914244754668932,0.2522479076488145,-0.3366692908655078
BIOCARTA_IL5_PATHWAY,-0.1866491115366518,-0.1912456820675675,-0.0848201907759879,0.0454027523083762,-0.1168381408247229,-0.1717118254367595,2.3165630483288253,-0.1156191847527505,-0.1905231322851993,-0.1776544712876811,-0.0694427627180489,-0.1957878773187662,-0.1103876686256701,-0.114753895825011,-0.21587290881957
BIOCARTA_IL6_PATHWAY,-1.4036351221313197,-1.4664515226522032,0.2451988164545558,2.2236572962811474,0.8026435547311169,-1.371327502020011,0.6978999668367606,2.462883300026117,-0.1333247839974482,1.0097249486410436,1.3656603528473237,-0.0504072944442544,2.3665283333265914,-0.3571280026251283,-1.5003491639260649
BIOCARTA_IL7_PATHWAY,-0.6386137158609891,-0.6863575032263164,-0.3766663182531162,0.0056665249216113,3.5831862603508498,-0.6735094686368316,-0.002083335868797,-0.0099954141738431,-0.4514668601402833,-0.1787252208692925,-0.2453356205175159,-0.2783725572973892,0.1406689231299232,0.6411459334910355,-0.6939024201026173
BIOCARTA_INFLAM_PATHWAY,-0.4081844405303907,-0.4085567494940836,-0.0868235748419135,0.8715021921066429,0.2063122575671945,-0.3822505777670073,1.9509790075737652,-0.172344538046199,-0.3931929468954082,-0.2980934644375658,-0.1587396905147382,-0.2748045705425437,-0.2301706965073391,-0.114768084054539,-0.4278279142086565
BIOCARTA_INSULIN_PATHWAY,-1.421289604650646,-1.4682715054663968,0.3251522137289794,2.3297409902094697,0.8243656695748867,-1.3400747245589746,0.5585624301977085,2.212572481223729,-0.3447671317309236,1.1264492773256296,1.2600567079731282,0.0256573016210935,2.312706999169657,-0.3228133028918083,-1.393922938197
BIOCARTA_INTEGRIN_PATHWAY,-1.136085252826661,-1.1684103502822552,-0.1329869594242621,1.5625459293973298,0.7467680863723859,-1.1521531644450775,0.4892071486340019,2.639957192012645,-0.0989544808997964,0.8507777688422746,3.072234556532824,-0.2659562078296223,1.4483377054591948,-0.2250920063711804,-1.2975381418849083
BIOCARTA_INTRINSIC_PATHWAY,-0.3890781649720035,-0.3488047508862673,-0.1730160643193895,0.093453074282292,-0.35383297439008,-0.3989823604178582,-0.3039279141442526,2.849705724154734,-0.2549840905798023,-0.172486719495182,2.186999264736118,-0.1615293750718906,3.3456843387994084,-0.2235993632391555,-0.4396689842198325
BIOCARTA_KERATINOCYTE_PATHWAY,-1.4916832330153251,-1.558509548863093,0.175180679060741,2.804152513785444,0.8638059173896864,-1.5239641449368169,0.9225824739403192,2.3862216736601782,-0.6080489503628392,1.0301046016607056,0.9362061204365302,-0.1048179212219242,1.9913103706122293,-0.3502358890754059,-1.7347110457171044
BIOCARTA_LAIR_PATHWAY,-0.5770006771260129,-0.5705813393472521,-0.177506136850917,0.8948995913929633,0.2824638201590614,-0.5424934384566442,3.0936673874592517,0.106865785664386,-0.5144385345417158,-0.2541707109274944,-0.2277468224706988,-0.2833402919196833,0.1086642293360628,-0.2540678021149249,-0.6727474920869132
BIOCARTA_LDL_PATHWAY,-0.240601216130351,-0.3255159651350989,-0.1074507554532142,0.4453208194418597,0.1396947787293131,-0.1683758257732792,0.1707276188085794,0.5572123910377512,0.0547582777175337,0.080853093055832,0.6165496079504769,-0.1274514550994118,0.385678254267833,-0.065261445704964,-0.0088586006381421
BIOCARTA_LECTIN_PATHWAY,-0.1972918180945848,-0.2044664451465105,-0.0491912777701603,0.0591717163105033,-0.228261329838643,-0.1716455608100125,1.3038635570205563,0.3244242076640324,-0.149568770952513,0.2506685211326103,-0.104376708972992,-0.0659408924016983,1.7842053742745445,-0.1775009538176001,-0.255798476978772
BIOCARTA_LEPTIN_PATHWAY,-0.1979871182591219,-0.1644613772495453,-0.0332178081735377,0.111673975794038,-0.1798863434518279,-0.1785375049123055,-0.0888613602608806,1.3615887292745874,0.1433230648099474,0.1410657330356685,0.3772422285348847,-0.0297938426949478,0.5785265949804459,-0.1121967539782403,-0.2212661545134341
BIOCARTA_LONGEVITY_PATHWAY,-0.4659688385526554,-0.482164218833283,-0.1315436962615402,0.9047300496960896,0.0821001456077091,-0.5270848328937673,-0.0857498863490203,0.0563324869415254,1.2301563889802352,0.1493553617813247,1.5353061068667344,-0.2816102703753702,3.231977010487752,-0.2438391294291128,-0.0828691866872502
BIOCARTA_LYM_PATHWAY,-0.5159048932710207,-0.5039281681563881,-0.1722800848474138,0.4133860974727396,-0.1994090681624291,-0.4645494918884997,0.6684288981238706,3.906297697626077,-0.4487542237299501,-0.358738146909663,-0.0931319627170127,0.0005060262497417,0.0233022726430555,-0.3284385785950656,-0.6003392909866608
BIOCARTA_LYMPHOCYTE_PATHWAY,-0.3539657234970877,-0.3727252075449249,-0.0822137418126565,0.3556581945801153,-0.5122224188774607,-0.3259583091257439,0.3878359155969164,3.228018891728344,-0.3117740529787969,-0.2129460357197549,0.1173981553088042,0.0232844428604315,0.0433526611708134,-0.3348194599954079,-0.3834419985359819
BIOCARTA_MALATEX_PATHWAY,0.4580478417111011,0.3294357157477396,0.0423291865330469,-0.2699525462096745,-0.5290624510320456,0.1190116115443948,-0.3418409712490577,-0.4358451918130686,-0.236883321898672,-0.3619157488506508,-0.2023744522982592,-0.1357013001864199,-0.2260923243725255,0.0813179669585901,-0.3611191077654336
BIOCARTA_MAPK_PATHWAY,-1.4573880865550697,-1.5513200693585931,0.1564297036726263,2.6916287491836117,0.609826582545434,-1.5596280274264285,1.0379998693089427,2.579531460722852,-0.1764192121677059,1.1426384227284094,1.1491026255783825,-0.128879421809529,2.1419858745935803,-0.4859598464980657,-1.5426011247363869
BIOCARTA_MCALPAIN_PATHWAY,-0.3882719686057356,-0.3294390832924976,0.0035205569706015,1.534822730207942,-0.6294598535920577,-0.4398919551133745,-0.1469476445911847,0.3888035946839998,0.0873645571107317,0.4484959041669467,0.7825984918377623,-0.0018429563439538,0.4982704557198023,-0.3778809761637808,-0.7089794691262346
BIOCARTA_MEF2D_PATHWAY,-0.7125306001406944,-0.5106462938048442,-0.0791287446835971,0.4259953274891868,0.563842795012067,-0.4315222486427476,0.8009760430992992,0.5327082110819966,1.4683274313768688,0.6520995207205975,0.4452755279919075,0.0564417873937362,0.9235734944599828,-0.1296683172186938,0.4513368465824661
BIOCARTA_MET_PATHWAY,-1.5112892452806492,-1.553489718975057,0.2629203750818808,2.5462106368970434,0.8667844247803763,-1.4467198637351442,0.7086004149188317,2.3272716116620584,-0.2955387001305856,1.018936093724843,1.4956628373356256,-0.0066419583675496,2.4154119421545523,-0.3760161699298229,-1.530442247446521
BIOCARTA_MHC_PATHWAY,-0.8127041279681065,-0.4933789267833691,-0.4263230137861547,-0.3489027629042023,1.6630317713766694,-0.7979603392006475,2.683433120008579,2.003170097895041,-0.3141922956700814,0.6867768988010561,-0.3701952051101789,-0.3205127229579274,-0.4015445976712561,0.2417552293809133,-1.0321162839938631
BIOCARTA_MITR_PATHWAY,-0.222939052263862,-0.2311672203627001,-0.1723907480182672,0.0021583249983882,0.0215611447507418,-0.2644938998643627,1.811056277782939,0.3822752529905426,-0.0669542827630439,-0.0605850358582026,0.5578472105773098,-0.0880116419572218,0.1464253437343562,-0.2530631209811574,-0.0101953013942561
BIOCARTA_MONOCYTE_PATHWAY,-0.3387256206508997,-0.3541337877001002,-0.1098926511171311,0.2238548452592846,-0.4688579593281024,-0.3150354046994303,0.2551068820430052,3.5672959475975863,-0.3091590161443946,-0.2153826508992761,0.0465482620929307,0.0166496288800766,-0.0227754963274844,-0.3235565271149799,-0.3641870792335191
BIOCARTA_MRP_PATHWAY,1.028460004134322,0.8069317631667269,0.2933344746431315,0.1048626542595812,-2.033118720477228,0.5406399454498751,-1.0443720854829106,-1.3304896855624422,-1.527815705366509,-0.5485911516006011,-0.5774695773329508,0.0480181715326653,-0.9761871018726208,0.2317780593549692,-1.5413618812836056
BIOCARTA_MSP_PATHWAY,-0.2050278908883714,-0.2096961090679787,-0.0994396835891119,0.0790983413611257,0.1901349042200255,-0.192766173276896,1.875011340216196,-0.1251341564664944,-0.2120463484725582,-0.2090160651300328,-0.0931754784665376,-0.1759702949834663,-0.1703110744323583,0.0161136976440528,-0.2388058991296232
BIOCARTA_MTOR_PATHWAY,-0.7148576152211374,-0.6795157777899826,-0.097448747848389,0.789973974116578,0.9823710944516116,-0.617427978858835,0.6424102171833077,0.5100296992928125,0.6923781133287356,0.6046977217541721,0.4104101645021078,-0.1354355155037441,0.9801956448311604,-0.081001078198817,-0.0284209482501901
BIOCARTA_MYOSIN_PATHWAY,-0.4036660554631754,-0.4491319369464663,-0.2079345211318811,0.2384453476475729,0.9143754214600458,-0.4583794785554296,0.8349579035555261,0.4177158707692579,0.2921588831018658,0.2640095084578999,0.50294205112954,-0.2198674980266443,0.6033366587526042,0.0429338609314131,-0.5194099618852493
BIOCARTA_NDKDYNAMIN_PATHWAY,0.7838419930633548,0.5034087678125289,-0.0100524525972539,-0.4887407292289142,-0.3541856191920696,0.3513246860253673,-0.8314251739276526,-0.6221333678051301,-1.613425490023631,-0.594716130987319,-0.3971361958915281,-0.2030813868364825,-0.676351997638191,0.242816858953873,-0.5840572754247871
BIOCARTA_NEUTROPHIL_PATHWAY,-0.2671868058592574,-0.3094547016590451,-0.1298480268855596,-0.0209534921914205,-0.3204887889183199,-0.2485434220278835,0.6214437865694468,3.1187962837526992,-0.310710796780266,-0.242873461496654,-0.1343099731185125,-0.0331742096129525,-0.084870623716194,-0.2514685174730675,-0.254097025784849
BIOCARTA_NFAT_PATHWAY,-0.879083686132422,-0.7899270597349201,-0.2237173687978768,0.705577128209969,0.8519889578012383,-0.7732468601359134,1.2512891842558505,1.351337120195227,1.108562438680194,0.5159294499062622,0.7544813598323629,-0.2200442571161401,1.687908151734767,-0.2293315024764929,0.0670706042005313
BIOCARTA_NFKB_PATHWAY,-0.4841079548982313,-0.5592485756848082,-0.2066907766350594,1.2664755353680948,0.7098194537979688,-0.7233224191511283,1.5194814573283184,0.288235062362292,-0.7038885311817318,-0.231117568989961,-0.407777446817313,-0.2834883112035357,-0.2735012455642677,-0.0081183542979706,-0.8979067083447357
BIOCARTA_NGF_PATHWAY,-1.382389809500476,-1.437172807759738,0.3301570917746743,2.268893648667129,0.9517291624432588,-1.2977905188353276,0.5820176425419263,2.0980737200497512,-0.8375842800131217,1.0090267140375535,1.3067439465549733,-0.0109560316909798,2.322913041998795,-0.2572972084652438,-1.6132977240723936
BIOCARTA_NKCELLS_PATHWAY,-0.7589747242091837,-0.6212376324798092,-0.4398060487629977,-0.2781557990106057,3.749479868887132,-0.7927772945215721,0.5266530884549215,0.3514306885841823,-0.3650697920491738,0.0488186440710171,-0.3575617654151493,-0.3597456593268315,-0.1773885960628496,0.8814594029699406,-0.9049135029387836
BIOCARTA_NKT_PATHWAY,-0.7188427303775992,-0.7278965313818228,-0.4227802403838733,-0.5431766752861116,4.032629832649723,-0.6734373972314757,1.8253417621290269,-0.5018943038316527,-0.6897539009414847,-0.683698246248325,-0.5682652852610496,-0.2147537281213158,-0.5434597485050672,1.5406862433044846,-0.8052798340820447
BIOCARTA_NO1_PATHWAY,-0.4969710347697652,-0.4899315527295801,-0.2342578869509306,-0.0586022344932395,-0.2379580972687609,-0.4166569607579222,-0.224473351858066,4.960446365279688,-0.2855292495701063,-0.0109126941813618,1.3228675287938527,0.0207576202426027,0.3460246164744837,-0.2374426600769624,-0.3964004678086913
BIOCARTA_NO2IL12_PATHWAY,-0.623394372933157,-0.641023262481354,-0.4871300670088779,-0.5725961645858278,5.075525198208523,-0.6100723526913658,-0.4969658968308151,-0.5349959070722513,-0.5900407221264015,-0.5996194761570719,-0.5865737848503593,-0.3504751552177944,-0.5805197582665622,1.0840621218323836,-0.6275260382804835
BIOCARTA_NOTCH_PATHWAY,-0.3258515363303665,-0.3295238717390925,-0.1005704978072323,0.4597301754952616,0.0820570398466291,-0.3553748936408743,0.5179935787323041,0.9490797378553758,0.3847056985642291,0.200172472187168,-0.0546136981682138,-0.0649910152394328,0.4871734279470451,-0.1829689762069448,-0.2980586113548408
BIOCARTA_NPC_PATHWAY,-0.2176602661581958,-0.208932227291974,-0.0222117616328702,0.1791763338506318,0.2540986087392541,-0.2296892313918298,0.3385487270115218,0.1750326360877255,0.7424520223190489,0.2583188237847709,-0.0029719225857488,-0.1006695898636035,-0.0238203357844336,-0.029538749967215,-0.4036938369508535
BIOCARTA_NPP1_PATHWAY,-0.2112278545011765,-0.20977761465702,-0.0855685238240524,0.0223019868473648,-0.2130192279457428,-0.2291135191428058,-0.3918774294087478,1.6995452374951057,-0.1705064911693809,-0.124106879874138,1.65763095783967,-0.1380458407964035,2.1548738782271384,-0.1042694417787778,-0.2176111330681762
BIOCARTA_NTHI_PATHWAY,-0.6294383095851728,-0.6692289635568065,-0.1572809398284883,1.640992764237248,0.2620055725530784,-0.886023596262545,2.064538303901231,0.5761427729820414,-0.4564438329807734,-0.1024430315601514,-0.4247342344935282,-0.3469270908992335,-0.1214236335456661,-0.1609249753911511,-1.057837394352359
BIOCARTA_P53_PATHWAY,-0.5453220738363749,-0.5736917080318995,-0.08002240137871,1.5819997258232277,-0.5423946144354063,-0.570809754538334,-0.3794717069595749,2.599822798512009,-0.6563828786338848,-0.210770161202268,1.2096691932506978,0.124261209878228,0.3981268980804981,-0.3930387840372792,-0.7834302535467187
BIOCARTA_P53HYPOXIA_PATHWAY,-0.9783312493066691,-1.0750463613822878,-0.4181775515702495,-0.0891684529732457,3.542091288058685,-1.125687079580643,1.1166585264586002,2.003826311060195,-0.0628334248509361,-0.1812876607872631,-0.4404850804209487,-0.4130046539937754,0.538084142526403,1.5388563480204318,-1.1100775297546008
BIOCARTA_PCAF_PATHWAY,-0.9839829725077636,-1.0605097368998329,-0.0157428485870318,1.545168256801922,1.3515709269434892,-1.040860328848276,0.2285663607555725,1.4953530765525336,-0.241444249709403,0.8244371073231714,0.5809897938905976,-0.2295493168702745,1.2440300258060053,0.0903633500783074,-1.0197535889082734
BIOCARTA_PDGF_PATHWAY,-1.4686560096622876,-1.538752333706613,0.220921718800177,2.333128779092846,1.1530009877214695,-1.4216692129384558,0.6073925973938272,2.152858456945492,-0.2614468227013127,1.031197660946504,1.3388875833659932,-0.1189619141903337,2.919082381998845,-0.3176096216452432,-1.4069058869114477
BIOCARTA_PDZS_PATHWAY,-0.3700916759530563,-0.3604610078847191,0.0220278461691457,0.5896795927495999,-0.0668898714575094,-0.4166336783879188,-0.3682792883196275,1.372253150777101,0.6248755403595935,0.4824325497887521,0.6776797437713706,-0.0501824584155606,0.4972430918605633,-0.2709618632655727,-0.6059191795484651
BIOCARTA_PEPI_PATHWAY,-0.3172617428355072,0.489720687950034,0.249362675073987,0.9620460239308296,-0.7660812975292083,-0.3581849843511213,-0.3277299332457901,-0.4206296347270236,-0.6253874002875215,0.8102159716366865,-0.2780471626756593,-0.0623122740048971,-0.5237905815182635,-0.0202816814012724,-0.9026698487890392
BIOCARTA_PGC1A_PATHWAY,-0.7021520922485044,-0.5273732714968253,-0.1044065102274066,0.6445831299225909,0.1522948250084599,-0.4482010419531795,1.4142041405226575,0.5300354591291487,1.2152112218546167,0.4814467785168916,0.6676808640114741,0.0750240233288033,0.6358678527781048,-0.3348111924705978,0.6461936830118238
BIOCARTA_PKC_PATHWAY,-0.2439785722119967,-0.3340548129039867,-0.1068737808903025,1.345331228258326,-0.1275061495485001,-0.6104807355591585,0.5361379506516922,0.4098096651387729,-0.583777111246571,-0.0482265964271848,-0.2629785102377877,-0.1991177430633,0.0905373334530218,-0.1700703111746164,-0.7167696389562834
BIOCARTA_PLATELETAPP_PATHWAY,-0.3911920631934566,-0.2907346697019194,-0.0532452331487452,0.4059117207225043,-0.5278668859197377,-0.4019904384852641,-0.3068048121258523,2.8295383328858064,-0.2745034584334905,0.0478459480025294,1.1639401284306243,-0.0669836388114718,1.5886335470884907,-0.304696207148911,-0.5401876419826916
BIOCARTA_PLC_PATHWAY,-0.4376438265904647,-0.4648719157487382,-0.152229306903154,0.3437638674637257,1.4077578779536348,-0.4207350760670726,0.6997127490574863,-0.0814790093424653,-0.2497526603456428,0.028386391478211,-0.0730725926292419,-0.2353737432970205,0.6776378113397179,0.150995253678351,-0.3245162478592596
BIOCARTA_PLCD_PATHWAY,-0.1238493593119073,-0.1149806251633781,-0.0670902705225753,0.0955799968764092,-0.4688673284981604,-0.1318057708923235,-0.1999092358388858,1.6411220749514956,0.0656738987748685,-0.0575863542498809,0.8381226021829185,0.2693348021478132,0.1288155333376412,-0.2661433148567204,-0.0906493748077193
BIOCARTA_PLK3_PATHWAY,-0.4254140520344398,-0.4135774759364345,-0.1663291767790043,0.0913010066065913,0.7374496095458892,-0.4085343214951561,1.4485937533358455,0.4055333467561202,0.1854353667025595,0.1855140588260048,0.3659549235551409,-0.0867995243649968,0.3839687223998981,-0.0849485375390043,-0.0958033370273915
BIOCARTA_PPARA_PATHWAY,-1.4835086190442586,-1.6616384565763576,-0.4080753308012503,1.5700175312728806,3.2245353144423503,-1.668655071558912,1.3833362591508611,2.1257895354851266,0.2416178718173975,0.6645155541156256,0.2460723999275802,-0.4353523227919346,1.4620230437900932,0.7843515874874389,-1.310775524850349
BIOCARTA_PRION_PATHWAY,-0.7068457550452114,-0.7047893084221748,-0.1738509263360785,0.4487305712346726,2.0877354499962943,-0.7431062057682815,0.56147716239078,0.7414496220268547,-0.2197797796836759,-0.0524738932440444,-0.2002652578584199,-0.202622917005731,0.6739066780954325,0.8257580582767248,-0.8822260288838134
BIOCARTA_PROTEASOME_PATHWAY,0.71243649925523,0.3376345843225268,-0.318211587459043,-0.1791576546341551,-0.5505602265111434,-0.0704553209369318,-0.2860954767115887,-0.2679612268941074,-0.4894114023105632,-0.2688191619316813,-0.0637352515975495,-0.6267596757463945,-0.0512821627354499,-0.0012994040723764,0.5092304624208788
BIOCARTA_PTEN_PATHWAY,-0.6890588779799305,-0.6651851354690673,-0.0963302800631947,1.4668776849887846,0.5066753864325316,-0.721120822336786,0.2750218635294175,0.6355695582518249,0.2092818073372528,0.2655185299724809,0.7357708685046981,-0.1503128823733711,1.0502994150588658,-0.1863842806671399,-0.6447944700521812
BIOCARTA_PYK2_PATHWAY,-1.1350146898823317,-1.087440861959775,0.0137851452942168,1.4690805319744742,0.9626748580933876,-1.025043763291262,0.8312940649530819,1.709032929196313,0.2111251589310367,1.1129178083198714,0.7660025284643195,-0.133465774666241,1.706104354229329,-0.1189565414951166,-0.6795765113005158
BIOCARTA_RAC1_PATHWAY,-0.5290271268993713,-0.4945419186529781,-0.1582716766584903,0.3894864296336778,0.8806991909168655,-0.4245142979262126,1.3726198478747138,0.1010239722335776,0.0434099238157458,0.2134856748111867,0.1416288519573078,-0.2133962863416606,1.2547274546459055,-0.0352319321488844,-0.2287482428346124
BIOCARTA_RACC_PATHWAY,-0.1881398209943423,-0.2018000394191178,-0.1752095803551411,-0.1636498480488516,-0.234640210685492,-0.1806483099744739,0.0271036663903969,0.6219350388343703,1.782574337030913,0.1629462294486239,2.108198384780469,-0.0196566354863838,0.8159211529253659,-0.1874916825886429,0.7045223477981406
BIOCARTA_RACCYCD_PATHWAY,-0.4798901433564983,-0.6278492595764606,-0.231850490411516,1.637868486169127,0.0976414975841335,-0.8782182218866486,0.7038214916021559,1.205538867824815,-0.5051454097124198,0.3678838874943843,0.2657713914574277,-0.4036668236349761,0.3530112837974164,-0.2410528986169031,-0.7701966734997233
BIOCARTA_RANBP2_PATHWAY,-0.2246907338637491,-0.2104380491003276,0.0721837307679981,0.2010072992002833,-0.0699956260072026,-0.1496355898571513,0.2716966544270911,0.3407074366994828,0.8466415663293541,0.1080626142425957,0.083933538246518,0.0189010227230975,0.240025659555042,-0.1206957839887842,-0.3476358735336254
BIOCARTA_RANKL_PATHWAY,-1.0188417685837332,-1.0365920661955783,0.3271042782439103,1.913973943306772,0.0770412542509112,-0.923009129332266,0.4983420842567514,1.584398464968283,-0.4023007028249796,0.7994676293001748,1.061058247834126,0.0581511818570267,1.7104057243549575,-0.3212875085079583,-1.0614642470640283
BIOCARTA_RB_PATHWAY,-0.3812876741954489,-0.3667030684918103,-0.162245632766954,0.0496935614811845,0.5383405374392795,-0.3581936708097386,1.5959214821600116,0.4741268341536633,0.1001290258308083,0.0917856893996157,0.3848653960808634,-0.1139776176456592,0.2261554006205983,-0.111212260406446,-0.0489963525939087
BIOCARTA_RECK_PATHWAY,-0.496655928628802,-0.3697182673284597,-0.1094830299036192,0.6634402839512765,-0.6246276516519774,-0.5014328888199441,0.0401813688361205,2.622703613261698,-0.2102719779586771,-0.2663749879105568,1.371570166258446,0.0888775727054995,2.869429569392246,-0.408982207905548,-0.5796130173953891
BIOCARTA_REELIN_PATHWAY,-0.2258048389153165,-0.237781259336512,-0.1368948137180285,-0.1386692161558847,1.421588762105796,-0.1896980197780044,-0.1346449749464743,0.1450458637515971,-0.2079675762688312,-0.1925170067933985,-0.1245847529090844,-0.0581521880129699,-0.0192020648124845,0.3219845277295374,-0.1851436326821017
BIOCARTA_RELA_PATHWAY,-0.4095052846204208,-0.4827674901801506,-0.1884582759153757,1.096358163618249,0.2973171502555011,-0.7155161969565854,1.1235677508837942,0.7458753637354287,-0.2424915814216385,0.1270354901979,-0.2383377100115256,-0.2451771213177764,0.0274963619029994,-0.1274832200594418,-0.7713128479706366
BIOCARTA_RHO_PATHWAY,-0.5539769825511356,-0.6059007871726517,-0.3352240465080823,0.1545092095358404,0.4121688432800263,-0.5962683194573287,1.190960381300096,2.103093004270597,0.2046794798015577,0.3361534438673162,1.8775895928655384,-0.3135621973354081,1.4026641864971354,-0.2162404184577256,-0.6261447882575899
BIOCARTA_RNA_PATHWAY,-0.2448603617799035,-0.3342928720535567,-0.1037406366015154,1.3246042142464765,-0.0863517608105984,-0.6027305159899798,0.413432640222019,0.4033948088655235,-0.4900733911765976,-0.0188175608513765,-0.2562235540443103,-0.152130388168994,0.033408216803726,-0.1252613426145664,-0.7046309000927214
BIOCARTA_S1P_PATHWAY,-0.2775541856237426,-0.2081893838089467,0.0102843401896742,0.8448210889358732,-0.3203141130600813,-0.2750779993373877,-0.2018100714315018,0.2978805877662706,0.5297086545516642,1.0414276747490092,-0.0551926347035743,-0.0807496916114145,0.0956797464204205,-0.1907289818920313,-0.5499085685743241
BIOCARTA_SET_PATHWAY,-0.3686868875866197,-0.3852692658288898,-0.2918982904766842,-0.2334917507781663,2.767593406676081,-0.3649598122265162,-0.1590970240000342,-0.2457575974427271,-0.3613825047768266,-0.3587712810785333,-0.2834154046884427,-0.2858878999099933,-0.267192619950911,0.7248160102335245,-0.4035960931938068
BIOCARTA_SLRP_PATHWAY,-0.2158885425921666,-0.2208419706265205,-0.0281780658849846,-0.1138107865622221,-0.2295534192888508,-0.1944499905071783,-0.1529079308835453,0.0342360158448527,0.0975234539907214,-0.1545436115530213,1.001001498498006,-0.1021079215922026,8.35351348474142,-0.1267799046439423,-0.1502015936856087
BIOCARTA_SM_PATHWAY,0.433018620794891,0.2083281905100939,-0.1734542845969277,-0.0187850250590301,-0.0914606679045421,-0.144822753980723,-0.3646270211096039,-0.2658219040835707,-0.6075222004596037,-0.1753917176695138,-0.1910878627326392,-0.4131218502444228,-0.0163570882871993,0.1035304251793181,-0.0077518610387189
BIOCARTA_SODD_PATHWAY,-0.3202717554734026,-0.3405070969535794,-0.1979064290603969,0.0841948899201707,1.0472863390947116,-0.3491346311510498,1.1683943281277944,0.2775229186356475,-0.2402982316609432,-0.0950501290221112,-0.224421314480028,-0.1443007625020689,-0.2632246257061,0.1221430221796748,-0.3263425009181738
BIOCARTA_SPPA_PATHWAY,-0.3976791221835499,-0.3757986001278,-0.2074753620186607,0.1159076020983851,0.2980064663211343,-0.330929298550951,2.71530678081238,0.0220528764731436,-0.0712847837622003,0.1779888355899181,-0.0323414390146269,-0.1723317350972093,0.4228919246476883,-0.121080611348767,-0.3110876032082111
BIOCARTA_SPRY_PATHWAY,-0.4285821098436379,-0.4618667609454154,-0.2119132798714004,0.2412876421073931,0.3281346759597798,-0.4517146276785234,-0.0029492403766879,3.1014268402836005,-0.2169543778204717,-0.0471587040381534,-0.0824627766046799,-0.0119393127205755,0.7041382103220072,-0.1539782864069132,-0.4620565137964961
BIOCARTA_SRCRPTP_PATHWAY,-0.2874975281591706,-0.2736085455790711,-0.1423638047308136,0.0516178364260386,0.8975554616894745,-0.3440659634751444,0.7288352353937538,0.0563325607880967,0.073989944226231,0.1259106122673939,-0.1045443077474221,-0.2906040723387901,0.6654228245826675,0.1764405511497854,-0.1829096122198208
BIOCARTA_STAT3_PATHWAY,-0.343550699425726,-0.4085254142269574,-0.2845490051345568,0.253692318152671,1.043184613496889,-0.466348256163039,0.2677317377833196,0.7633241977921456,0.2512398543515596,0.2044047095778862,0.281520294151827,-0.2389738854279645,0.5663555621678803,-0.0831741496910635,-0.4482753092112698
BIOCARTA_STATHMIN_PATHWAY,-0.6026498449913898,-0.6155671968592555,-0.460592687582822,-0.5498184585668204,4.834483326342982,-0.5790270205319875,-0.4672633761292147,-0.5075820888378196,-0.4833386421548888,-0.520569660570967,-0.5633567545459446,-0.364275415919163,-0.5089488433711589,0.9023334200573908,-0.5422508840603081
BIOCARTA_STEM_PATHWAY,-0.1498188210084485,-0.151637443927489,0.064481922650625,0.7638001054481051,-1.034913921936705,-0.1183946227402456,1.5318474192183853,0.0395969383439047,-0.1643677671519821,-0.0739000148815995,-0.049004521140063,-0.1502453208594399,-0.0729445166644954,-0.4164742537871826,-0.1914483218849933
BIOCARTA_STRESS_PATHWAY,-0.9297033154582806,-1.0220834074022584,0.0026629832235624,1.789351518704222,0.8546949249005954,-1.135438069002822,0.6751691630253336,1.4934990799192684,-0.3399393084862563,0.7775135488672146,0.387037655612259,-0.233382885024132,1.156108512608028,-0.1058755380758319,-1.2285599211725442
BIOCARTA_TCAPOPTOSIS_PATHWAY,-0.5083935436423606,-0.5196546993098373,-0.4225059654316244,-0.4555768814736764,4.193523538167486,-0.508657397681659,-0.434392386058796,-0.4451064557567818,-0.477726389493435,-0.4963644202336044,-0.4804371690412509,-0.3419898293897212,-0.475004078575965,0.8967820163727477,-0.5140702676336404
BIOCARTA_TCR_PATHWAY,-1.4816670687411388,-1.5182712202996251,-0.2385640067459175,1.1919390035762554,4.474673510576776,-1.4453251009420012,0.3711376198120541,1.0718330734971473,-0.53679171142718,0.3097451597024822,0.3395963197694088,-0.381756646046111,1.241501755830468,0.5435268321522048,-1.3117206002512805
BIOCARTA_TCRA_PATHWAY,-0.6793202780109555,-0.7001113664084089,-0.5311055436722436,-0.6183852536677553,5.23976910678102,-0.6709924543427731,-0.0799343107625855,-0.4731821568676453,-0.6407117815176541,-0.6576792431902542,-0.6004009535787415,-0.4221781398893033,-0.5743320855247251,1.035559362988366,-0.6647398499906716
BIOCARTA_TCYTOTOXIC_PATHWAY,-0.7168956438914903,-0.7363689845678684,-0.5636698272922448,-0.6690305269463109,5.611137771802512,-0.7100818844934935,-0.0450446801970646,-0.636036857150397,-0.6834778348318856,-0.7116963834005365,-0.6801913378923995,-0.407303469675343,-0.6901231525858867,1.1847109755984606,-0.706441191771329
BIOCARTA_TEL_PATHWAY,-0.3638760421264202,-0.546138427764533,-0.2927348205964564,-0.073165307847038,2.0794740709428585,-0.6510816625673659,0.6209514670374116,0.3160116779408556,0.197828757926583,0.0633175851979786,-0.4513659551640632,-0.4415820862004794,0.363394305082438,0.8186325038177575,-0.6383263792886649
BIOCARTA_TERT_PATHWAY,-0.2521271542316382,-0.2698839719274469,-0.0327274323389598,0.7856135745388912,-0.0826848610565098,-0.2628588136458242,-0.0521933215957963,0.3554649593920762,-0.1258400025440568,-0.0386900690110359,0.5023027596620839,0.1430762032011617,0.6508691406053901,-0.1858897539355444,-0.2032158307445171
BIOCARTA_TFF_PATHWAY,-0.1618218262940301,-0.1378593594521406,-0.0343234374112361,0.0246993251368599,-0.208196300323722,-0.1350135485441731,-0.1466315312021825,0.1715239988823973,0.6246792438725302,2.7069801928986834,-0.0532584720477983,0.4882906913350051,-0.062336559880453,-0.1605494426108431,-0.1535178669944597
BIOCARTA_TH1TH2_PATHWAY,-0.3484977978197202,-0.322280079598049,-0.1795471680697167,0.0224192570547789,-0.2583915216070309,-0.3196957439263392,3.859211528062127,0.0963484086734411,-0.1346224196012642,0.0503893305158155,-0.2750166102899454,-0.1774650912242671,-0.0508297961000899,-0.3010538242510177,-0.3688304835951576
BIOCARTA_THELPER_PATHWAY,-0.6882998482028096,-0.7056932706045911,-0.5401545601841728,-0.6430196963245218,5.322231886858172,-0.6796686217342864,0.0850859838232404,-0.6039720182156302,-0.6595904302637154,-0.6797410796187715,-0.6468591043498159,-0.411231941062887,-0.6561136189444928,1.0750392412655958,-0.6876250145008924
BIOCARTA_TID_PATHWAY,-0.7900349023240879,-0.794926485664953,-0.3150967797047074,0.0886355121774075,2.157992656830652,-0.8607813933181591,1.7805367844975153,1.588407397965905,-0.2364438959814404,-0.2411467627590678,-0.298940160233492,-0.2294435203586833,0.1706849769855614,0.9231355717657584,-0.9832288256402356
BIOCARTA_TNFR1_PATHWAY,-1.0620613822706877,-1.110582006246005,-0.1214487220228205,1.2727639099593784,1.739385955906518,-1.087721642340698,0.9116595268901658,1.4057855933563634,-0.0761856202091338,1.0471064753815535,0.5143102428694665,-0.2905743120103323,1.007771284674165,0.0552563489308726,-1.0968030932197734
BIOCARTA_TNFR2_PATHWAY,-0.6185280433965058,-0.682813756132633,-0.2064304316086238,1.447364626660444,1.026878108719162,-0.954311471950658,1.269262671831955,0.5408497884296928,-0.5025987066870825,-0.0527012765986844,-0.4657809959099998,-0.3141872825553167,-0.0902807428054053,0.1217321673390881,-1.071188469180178
BIOCARTA_TOB1_PATHWAY,-0.5718093812225052,-0.5950995503181523,-0.4608793858237219,-0.4969450379925674,4.435177361719425,-0.5591815999403389,-0.2489166119886146,-0.3137654732214796,-0.5395017009155028,-0.4881095003920439,-0.5431335220657476,-0.3547567935990458,-0.4626752892846869,0.9377441250214468,-0.5404899444785586
BIOCARTA_TOLL_PATHWAY,-1.3449758414977704,-1.4208143955030663,0.3006316879718841,2.484274012266732,0.5894002988687604,-1.3901054587342756,0.7701569480371688,2.1268343734178927,-0.4928759438852817,0.9941707649815896,1.098624290969289,-0.0181704565309331,2.109092601538239,-0.342087557352901,-1.5549868071882331
BIOCARTA_TPO_PATHWAY,-1.43583681716814,-1.4966752574151798,0.2698299735766866,2.223283190253872,1.0723666345973708,-1.376168209245637,0.6481173002947604,2.1874277277009413,-0.2511250899593661,1.0517689752745718,1.2696588083637843,-0.0863700886533323,2.4856127524669445,-0.2857388930858708,-1.3711448485391269
BIOCARTA_TRKA_PATHWAY,0.0587036891444708,0.0785219682837364,-0.111871118743452,-0.4323290667596003,-0.894419462526943,0.0647181476001736,-0.3553901345201925,-0.1262859220262035,5.239908942610984,-0.1144791537465468,-0.1666005864815428,-0.0638302680763728,-0.5892134125038125,-0.2662715410702267,2.986006586514362
BIOCARTA_TSP1_PATHWAY,-1.3563694875252073,-1.3999132691447818,0.3603762084438475,2.083605598081673,0.8389720743229389,-1.258170040647423,0.599808593150983,2.089319145384702,-0.4342729082319774,0.9869105942048476,1.3710762947281576,0.030346356846153,2.3189327963543533,-0.254179298846144,-1.3662608591261982
BIOCARTA_UCALPAIN_PATHWAY,-0.468829231857677,-0.4613223127033479,-0.1425829566713616,1.154896790698792,-0.281820016020388,-0.5643849083036804,0.5671656119381382,0.7689372908408763,0.2455765606481757,0.6991660202673513,1.395681307548359,-0.2203569662380856,0.3825900011074944,-0.3785854236211919,-0.4322312132120494
BIOCARTA_VDR_PATHWAY,-0.3413032679043664,-0.4219854826354282,-0.1705086353995847,0.5463584209250446,0.3565507794606848,-0.5011594838397784,0.1792267541416654,0.5496713380075183,1.1329282776502936,0.7858164258819771,0.2519592721801197,-0.0546402307467459,0.3204385430178016,-0.0588167068556015,-0.442935108682371
BIOCARTA_VEGF_PATHWAY,-0.3017591388956164,-0.3037250819055992,-0.1635613951808868,-0.1632503264161963,-0.2061908102494784,-0.2756564075901119,-0.2369386410860825,4.140039377476963,-0.2532676262989863,-0.1967574478313676,-0.0123119508522813,0.0927846290507835,0.0466576158062656,-0.2113720041453363,-0.3011588134119099
BIOCARTA_VIP_PATHWAY,-0.6444023235852754,-0.6112491345173231,-0.1165448698195668,1.8259721801458504,-0.1278843317930833,-0.7482753763037826,0.7473756792178814,0.7900095227243934,0.0718889322061454,0.0425440390663887,0.3740467589758949,-0.0811676749727328,0.5399495894933931,-0.3870680638521967,-0.4902449751988151
BIOCARTA_VITCB_PATHWAY,-0.3038523489296243,-0.368168137073313,-0.2007109328886866,-0.2104012196504545,0.2225604311903046,-0.3181807023336671,0.0496221145248935,2.563361936168708,-0.4575362036766818,-0.2901158996332614,1.5236841449468672,-0.1502308497903567,2.0081594465280554,-0.1609695347258708,-0.2922678391944887
BIOCARTA_VOBESITY_PATHWAY,0.264904752310828,0.4735100773108737,0.158118926600429,-0.3487724511329528,-0.4284979819711309,0.2445433494421094,-0.4793422431486083,-0.4088577770012691,-0.3025690872355702,-0.6668370077943008,-0.0770461549506979,0.0904498098220572,-0.7371932242262652,0.082110617940847,-0.1536931872271636
BIOCARTA_WNT_LRP6_PATHWAY,-0.1121322116615641,-0.1005779633754643,-0.0327120003872607,0.0409967276979386,-0.1084010078088944,-0.0966145422233192,0.1191351101909,-0.0171363120197498,0.1302236041059741,0.9129391646218502,0.0829946562356489,-0.0499026148173563,1.7258334447272137,-0.1083747299876011,0.0703083771407711
